{"cameraMode":{"drawMode":0,"name":"Shaded","section":"Shading Mode"},"sceneLighting":true,"audioPlay":false,"sceneViewState":{"showFog":true,"showMaterialUpdate":false,"showSkybox":true,"showFlares":true,"showImageEffects":true,"showParticleSystems":true},"in2DMode":false,"pivot":{"x":3.0,"y":0.7850499153137207,"z":3.9894957542419435},"rotation":{"x":-0.1092376634478569,"y":0.07952959090471268,"z":-0.008768271654844284,"w":-0.9907903075218201},"size":23.28603744506836,"orthographic":false}