{"cameraMode":{"drawMode":0,"name":"Shaded","section":"Shading Mode"},"sceneLighting":false,"audioPlay":false,"sceneViewState":{"showFog":true,"showMaterialUpdate":false,"showSkybox":true,"showFlares":true,"showImageEffects":true,"showParticleSystems":true},"in2DMode":false,"pivot":{"x":-0.22294402122497559,"y":17.824447631835939,"z":1.4918670654296876},"rotation":{"x":-0.028802083805203439,"y":0.015589974820613861,"z":-0.00044917166815139353,"w":-0.9994634985923767},"size":36.71216583251953,"orthographic":false}