{"cameraMode":{"drawMode":0,"name":"Shaded","section":"Shading Mode"},"sceneLighting":false,"audioPlay":false,"sceneViewState":{"showFog":true,"showMaterialUpdate":false,"showSkybox":true,"showFlares":true,"showImageEffects":true,"showParticleSystems":true},"in2DMode":false,"pivot":{"x":8.06900405883789,"y":0.7512780427932739,"z":0.0},"rotation":{"x":-0.07673241198062897,"y":0.006577590014785528,"z":-0.0005061242845840752,"w":-0.9970299601554871},"size":4.952690601348877,"orthographic":false}